01mingyi.github.io,210,197
myprojectdownload,171,163
01mingyi.github.io,210,197
myprojectdownload,171,163
01mingyi.github.io,210,197
myprojectdownload,171,163
01mingyi.github.io,210,197
myprojectdownload,171,163
01mingyi.github.io,210,197
myprojectdownload,171,163
01mingyi.github.io,210,197
myprojectdownload,171,163
01mingyi.github.io,210,197
myprojectdownload,171,163
01mingyi.github.io,210,197
myprojectdownload,171,163
01mingyi.github.io,210,197
myprojectdownload,171,163
scratch-physics-thing,28,25
Zombie-Shooter-in-Scratch,47,42
