01mingyi.github.io,1/cicle.sb3,d3d5d2dc02cb876e0b5307e87fbb56a307f52e63,39,34
01mingyi.github.io,v12/upt/Clean The Beach.sb3,b31ec967169587b6a5149ee4f6186513ea8fc275,171,163
myprojectdownload,v12/upt/Clean The Beach.sb3,b31ec967169587b6a5149ee4f6186513ea8fc275,171,163
01mingyi.github.io,1/cicle.sb3,d3d5d2dc02cb876e0b5307e87fbb56a307f52e63,39,34
01mingyi.github.io,v12/upt/Clean The Beach.sb3,b31ec967169587b6a5149ee4f6186513ea8fc275,171,163
myprojectdownload,v12/upt/Clean The Beach.sb3,b31ec967169587b6a5149ee4f6186513ea8fc275,171,163
01mingyi.github.io,1/cicle.sb3,d3d5d2dc02cb876e0b5307e87fbb56a307f52e63,39,34
01mingyi.github.io,v12/upt/Clean The Beach.sb3,b31ec967169587b6a5149ee4f6186513ea8fc275,171,163
myprojectdownload,v12/upt/Clean The Beach.sb3,b31ec967169587b6a5149ee4f6186513ea8fc275,171,163
01mingyi.github.io,1/cicle.sb3,d3d5d2dc02cb876e0b5307e87fbb56a307f52e63,39,34
01mingyi.github.io,v12/upt/Clean The Beach.sb3,b31ec967169587b6a5149ee4f6186513ea8fc275,171,163
myprojectdownload,v12/upt/Clean The Beach.sb3,b31ec967169587b6a5149ee4f6186513ea8fc275,171,163
01mingyi.github.io,1/cicle.sb3,d3d5d2dc02cb876e0b5307e87fbb56a307f52e63,39,34
01mingyi.github.io,v12/upt/Clean The Beach.sb3,b31ec967169587b6a5149ee4f6186513ea8fc275,171,163
myprojectdownload,v12/upt/Clean The Beach.sb3,b31ec967169587b6a5149ee4f6186513ea8fc275,171,163
01mingyi.github.io,1/cicle.sb3,d3d5d2dc02cb876e0b5307e87fbb56a307f52e63,39,34
01mingyi.github.io,v12/upt/Clean The Beach.sb3,b31ec967169587b6a5149ee4f6186513ea8fc275,171,163
myprojectdownload,v12/upt/Clean The Beach.sb3,b31ec967169587b6a5149ee4f6186513ea8fc275,171,163
01mingyi.github.io,1/cicle.sb3,d3d5d2dc02cb876e0b5307e87fbb56a307f52e63,39,34
01mingyi.github.io,v12/upt/Clean The Beach.sb3,b31ec967169587b6a5149ee4f6186513ea8fc275,171,163
myprojectdownload,v12/upt/Clean The Beach.sb3,b31ec967169587b6a5149ee4f6186513ea8fc275,171,163
01mingyi.github.io,1/cicle.sb3,d3d5d2dc02cb876e0b5307e87fbb56a307f52e63,39,34
01mingyi.github.io,v12/upt/Clean The Beach.sb3,b31ec967169587b6a5149ee4f6186513ea8fc275,171,163
myprojectdownload,v12/upt/Clean The Beach.sb3,b31ec967169587b6a5149ee4f6186513ea8fc275,171,163
01mingyi.github.io,1/cicle.sb3,d3d5d2dc02cb876e0b5307e87fbb56a307f52e63,39,34
01mingyi.github.io,v12/upt/Clean The Beach.sb3,b31ec967169587b6a5149ee4f6186513ea8fc275,171,163
myprojectdownload,v12/upt/Clean The Beach.sb3,b31ec967169587b6a5149ee4f6186513ea8fc275,171,163
scratch-physics-thing,physics testing v1.3.sb3,c633825c8dd3b33b7afca02048697fb0ecac8a77,28,25
Zombie-Shooter-in-Scratch,CS50 - Problem Set 0 v2 (1).sb3,83143c732cdf6bc646d32701b9b1fb9c6ec3bf6a,47,42
