Project_Name,File,Commit_SHA,Diff_Nodes,Diff_Edges
120,MART120Assignment 03/MART120Assignment 3 - cat game.sb3,35b9e8c862d5d42af40b56d0ebaa599aa5c28292,0,0
120,MART120Assignment 3/MART120Assignment 3 - cat game.sb3,35b9e8c862d5d42af40b56d0ebaa599aa5c28292,0,0
120,MART120Assignment 3/MART120Assignment 3 - cat game.sb3,59c7923e1cafc7b38872aaa461e660d8ccff760f,0,0
advent-of-code-2020,day01/report-repair.sb3,db0f05d46f0b1ddbf3acf421653d3f26cd38f160,264,113
advent-of-code-2020,day02/password-philosophy.sb3,be6c9e33fb88c41baffdbeb22438bb74c4d6df94,0,0
Amanda-Mxi-Younglings-challenges-Repo,CW2 CH2-Amanda Mxi.sb3,fd7ddf6dadb782b78065be3301395a600d228172,95,135
Amy-s-Projects,Kitty Cat Final- Problem Set 0's code via submit50!.sb3,ba7698e756c8ec5953884190eaa30593712cbc1e,38,42
AP,2.3 - Monster Maze.sb3,4ee0730a6cbdb56de542ff86a6c1af1a925c766a,184,115
AP,2.5 - Color Bounce (Mouse Maze).sb3,619317588008fcab0fcdc163812c2b32c1d58134,324,260
AP,3.3 - Shark Diver.sb3,619317588008fcab0fcdc163812c2b32c1d58134,128,159
AP,4.2 - Super Snake.sb3,619317588008fcab0fcdc163812c2b32c1d58134,76,89
AP,4.5 - Robot Power Up.sb3,619317588008fcab0fcdc163812c2b32c1d58134,114,130
AP,5.2 - Caves of Stars.sb3,619317588008fcab0fcdc163812c2b32c1d58134,56,60
AP,5.4 - Two-Player Soccer.sb3,619317588008fcab0fcdc163812c2b32c1d58134,202,183
AP,CODE Unit 5 Challenge Assessment - The Survival of Scratch Cat-3.sb3,4ee0730a6cbdb56de542ff86a6c1af1a925c766a,0,0
ArduinoJuniorS02,005LDR-LED.sb3,6f631a8c6e0d47c0beeb5e5ffec0a36b44011ae5,0,0
Boot-Camp-FIles,PREWORK_AFH/MODULE-7/Easy Scratch Project.sb3,aeac8fe8996e1546a76f15f4dfee6b549f092665,13,22
Boot-Camp-FIles,PREWORK_AFH/MODULE-7/Moderate Scratch Project.sb3,aeac8fe8996e1546a76f15f4dfee6b549f092665,223,107
Cat-Tag,Cat-Tag.sb3,a26b7bf4088b99f54ef9cb972df89b57f566ec00,46,56
cizgitakipedenrobot,cizgiIzleyenRobot-kodYok.sb3,24919f217d68ab272ea2462575c8d5db3c01ecf1,0,0
cizgitakipedenrobot,cizgiIzleyenRobot-kodYok.sb3,d590bcdd41efd398d4f8f9fdd6ce8feea8d3c719,0,0
Clarusway,9. SCRATCH/projects/(Activity-4)C9186 Halit.sb3,fea548d5c43ad6294d749933f06467a9fd57b2a7,76,85
Clarusway,9. SCRATCH/projects/(Activity-6)C9186 Halit.sb3,fea548d5c43ad6294d749933f06467a9fd57b2a7,64,73
Clarusway,9. SCRATCH/projects/C9186-Halit Act1 (3) (1) (1).sb3,fea548d5c43ad6294d749933f06467a9fd57b2a7,277,388
coderdojo,ECW1 - champion example.sb3,7063db6c62cee16bec926ab57631a44cba28049a,0,0
coderdojo,ECW1 - champion example.sb3,c50dfaa111604e741ebc5bcf82a21f635a016026,0,0
coderdojo,Pi Cousins EU - EU #CodeWeek 2019.sb3,ac070c159d2f39f5cbcd852f5c0159aa03f1327d,0,0
coderdojo,Pi Cousins EU - EU #CodeWeek 2019.sb3,c50dfaa111604e741ebc5bcf82a21f635a016026,0,0
codio-creative-computing,0.0-welcome/welcome.sb3,de9f0af28ec18935a418d215c5b545ae27550d8b,0,0
cs50gamedevelopment,Flappy Bird - Aakif.sb3,9cf3fa9d00ef8c4f6ea7e052d9b92192183f664c,112,128
cs50gamedevelopment,Pong - Syed Aakif Qadri.sb3,f386b59a6c90e61d7e50b718c39eb5823685c330,68,71
cs50gamedevelopment,Pong White and Black - Aakif.sb3,f386b59a6c90e61d7e50b718c39eb5823685c330,66,71
cs50-harvardx,pset0-Scratch/HungryMonkey.sb3,b1168eb7e8784d3daedfbd3f2ec8d115269a5619,0,0
cs50-harvardx,week0-scratch/HungryMonkey.sb3,6b495e6614199741d49cfb221c1df132f12118a1,0,0
cs50-harvardx,week0-scratch/HungryMonkey.sb3,b1168eb7e8784d3daedfbd3f2ec8d115269a5619,0,0
CS50-Introduction-to-computer-science,weeek_0/exercises/collecting-crystals.sb3,a4bab60c2819e50406f00bc92249bb0fbe1ed032,0,0
CS50-Introduction-to-computer-science,weeek_0/exercises/collecting-crystals.sb3,fb54ff16dcc3d635906091b9b381a4988c994dcd,0,0
CS50-Introduction-to-computer-science,weeek_0/source-code/src0/bark.sb3,a4bab60c2819e50406f00bc92249bb0fbe1ed032,0,0
CS50-Introduction-to-computer-science,weeek_0/source-code/src0/bark.sb3,fb54ff16dcc3d635906091b9b381a4988c994dcd,0,0
CS50-Introduction-to-computer-science,weeek_0/source-code/src0/bounce0.sb3,a4bab60c2819e50406f00bc92249bb0fbe1ed032,0,0
CS50-Introduction-to-computer-science,weeek_0/source-code/src0/bounce0.sb3,fb54ff16dcc3d635906091b9b381a4988c994dcd,0,0
CS50-Introduction-to-computer-science,weeek_0/source-code/src0/bounce1.sb3,a4bab60c2819e50406f00bc92249bb0fbe1ed032,0,0
CS50-Introduction-to-computer-science,weeek_0/source-code/src0/bounce1.sb3,fb54ff16dcc3d635906091b9b381a4988c994dcd,0,0
CS50-Introduction-to-computer-science,weeek_0/source-code/src0/count.sb3,a4bab60c2819e50406f00bc92249bb0fbe1ed032,0,0
CS50-Introduction-to-computer-science,weeek_0/source-code/src0/count.sb3,fb54ff16dcc3d635906091b9b381a4988c994dcd,0,0
CS50-Introduction-to-computer-science,weeek_0/source-code/src0/draw.sb3,a4bab60c2819e50406f00bc92249bb0fbe1ed032,0,0
CS50-Introduction-to-computer-science,weeek_0/source-code/src0/draw.sb3,fb54ff16dcc3d635906091b9b381a4988c994dcd,0,0
CS50-Introduction-to-computer-science,weeek_0/source-code/src0/follow.sb3,a4bab60c2819e50406f00bc92249bb0fbe1ed032,0,0
CS50-Introduction-to-computer-science,weeek_0/source-code/src0/follow.sb3,fb54ff16dcc3d635906091b9b381a4988c994dcd,0,0
CS50-Introduction-to-computer-science,weeek_0/source-code/src0/Gingerbread tales remix.sb3,a4bab60c2819e50406f00bc92249bb0fbe1ed032,0,0
CS50-Introduction-to-computer-science,weeek_0/source-code/src0/Gingerbread tales remix.sb3,fb54ff16dcc3d635906091b9b381a4988c994dcd,0,0
CS50-Introduction-to-computer-science,weeek_0/source-code/src0/hello0.sb3,a4bab60c2819e50406f00bc92249bb0fbe1ed032,0,0
CS50-Introduction-to-computer-science,weeek_0/source-code/src0/hello0.sb3,fb54ff16dcc3d635906091b9b381a4988c994dcd,0,0
CS50-Introduction-to-computer-science,weeek_0/source-code/src0/hello1.sb3,a4bab60c2819e50406f00bc92249bb0fbe1ed032,0,0
CS50-Introduction-to-computer-science,weeek_0/source-code/src0/hello1.sb3,fb54ff16dcc3d635906091b9b381a4988c994dcd,0,0
CS50-Introduction-to-computer-science,weeek_0/source-code/src0/hello2.sb3,a4bab60c2819e50406f00bc92249bb0fbe1ed032,0,0
CS50-Introduction-to-computer-science,weeek_0/source-code/src0/hello2.sb3,fb54ff16dcc3d635906091b9b381a4988c994dcd,0,0
CS50-Introduction-to-computer-science,weeek_0/source-code/src0/hello3.sb3,a4bab60c2819e50406f00bc92249bb0fbe1ed032,0,0
CS50-Introduction-to-computer-science,weeek_0/source-code/src0/hello3.sb3,fb54ff16dcc3d635906091b9b381a4988c994dcd,0,0
CS50-Introduction-to-computer-science,weeek_0/source-code/src0/marco.sb3,a4bab60c2819e50406f00bc92249bb0fbe1ed032,0,0
CS50-Introduction-to-computer-science,weeek_0/source-code/src0/marco.sb3,fb54ff16dcc3d635906091b9b381a4988c994dcd,0,0
CS50-Introduction-to-computer-science,weeek_0/source-code/src0/meow0.sb3,a4bab60c2819e50406f00bc92249bb0fbe1ed032,0,0
CS50-Introduction-to-computer-science,weeek_0/source-code/src0/meow0.sb3,fb54ff16dcc3d635906091b9b381a4988c994dcd,0,0
CS50-Introduction-to-computer-science,weeek_0/source-code/src0/meow1.sb3,a4bab60c2819e50406f00bc92249bb0fbe1ed032,0,0
CS50-Introduction-to-computer-science,weeek_0/source-code/src0/meow1.sb3,fb54ff16dcc3d635906091b9b381a4988c994dcd,0,0
CS50-Introduction-to-computer-science,weeek_0/source-code/src0/meow2.sb3,a4bab60c2819e50406f00bc92249bb0fbe1ed032,0,0
CS50-Introduction-to-computer-science,weeek_0/source-code/src0/meow2.sb3,fb54ff16dcc3d635906091b9b381a4988c994dcd,0,0
CS50-Introduction-to-computer-science,weeek_0/source-code/src0/meow3.sb3,a4bab60c2819e50406f00bc92249bb0fbe1ed032,0,0
CS50-Introduction-to-computer-science,weeek_0/source-code/src0/meow3.sb3,fb54ff16dcc3d635906091b9b381a4988c994dcd,0,0
CS50-Introduction-to-computer-science,weeek_0/source-code/src0/meow4.sb3,a4bab60c2819e50406f00bc92249bb0fbe1ed032,0,0
CS50-Introduction-to-computer-science,weeek_0/source-code/src0/meow4.sb3,fb54ff16dcc3d635906091b9b381a4988c994dcd,0,0
CS50-Introduction-to-computer-science,weeek_0/source-code/src0/music.sb3,a4bab60c2819e50406f00bc92249bb0fbe1ed032,0,0
CS50-Introduction-to-computer-science,weeek_0/source-code/src0/music.sb3,fb54ff16dcc3d635906091b9b381a4988c994dcd,0,0
CS50-Introduction-to-computer-science,weeek_0/source-code/src0/Oscartime.sb3,a4bab60c2819e50406f00bc92249bb0fbe1ed032,0,0
CS50-Introduction-to-computer-science,weeek_0/source-code/src0/Oscartime.sb3,fb54ff16dcc3d635906091b9b381a4988c994dcd,0,0
CS50-Introduction-to-computer-science,weeek_0/source-code/src0/pet0.sb3,a4bab60c2819e50406f00bc92249bb0fbe1ed032,0,0
CS50-Introduction-to-computer-science,weeek_0/source-code/src0/pet0.sb3,fb54ff16dcc3d635906091b9b381a4988c994dcd,0,0
CS50-Introduction-to-computer-science,weeek_0/source-code/src0/pet1.sb3,a4bab60c2819e50406f00bc92249bb0fbe1ed032,0,0
CS50-Introduction-to-computer-science,weeek_0/source-code/src0/pet1.sb3,fb54ff16dcc3d635906091b9b381a4988c994dcd,0,0
CS50-Introduction-to-computer-science,weeek_0/source-code/src0/Raining Men.sb3,a4bab60c2819e50406f00bc92249bb0fbe1ed032,0,0
CS50-Introduction-to-computer-science,weeek_0/source-code/src0/Raining Men.sb3,fb54ff16dcc3d635906091b9b381a4988c994dcd,0,0
CS50-Introduction-to-computer-science,week_0/exercises/collecting-crystals.sb3,c3f016eb61b36192208fb92e4354f61db990a267,0,0
CS50-Introduction-to-computer-science,week_0/exercises/collecting-crystals.sb3,e0446d1db46f933034644b7de0d7a85dbcd007a8,0,0
CS50-Introduction-to-computer-science,week_0/exercises/collecting-crystals.sb3,e42299ee5c8c9d29d9c218aa30c09080cf2cc1bb,0,0
CS50-Introduction-to-computer-science,week_0/source-code/src0/bark.sb3,c3f016eb61b36192208fb92e4354f61db990a267,0,0
CS50-Introduction-to-computer-science,week_0/source-code/src0/bark.sb3,e0446d1db46f933034644b7de0d7a85dbcd007a8,0,0
CS50-Introduction-to-computer-science,week_0/source-code/src0/bark.sb3,e42299ee5c8c9d29d9c218aa30c09080cf2cc1bb,0,0
CS50-Introduction-to-computer-science,week_0/source-code/src0/bounce0.sb3,c3f016eb61b36192208fb92e4354f61db990a267,0,0
CS50-Introduction-to-computer-science,week_0/source-code/src0/bounce0.sb3,e0446d1db46f933034644b7de0d7a85dbcd007a8,0,0
CS50-Introduction-to-computer-science,week_0/source-code/src0/bounce0.sb3,e42299ee5c8c9d29d9c218aa30c09080cf2cc1bb,0,0
CS50-Introduction-to-computer-science,week_0/source-code/src0/bounce1.sb3,c3f016eb61b36192208fb92e4354f61db990a267,0,0
CS50-Introduction-to-computer-science,week_0/source-code/src0/bounce1.sb3,e0446d1db46f933034644b7de0d7a85dbcd007a8,0,0
CS50-Introduction-to-computer-science,week_0/source-code/src0/bounce1.sb3,e42299ee5c8c9d29d9c218aa30c09080cf2cc1bb,0,0
CS50-Introduction-to-computer-science,week_0/source-code/src0/count.sb3,c3f016eb61b36192208fb92e4354f61db990a267,0,0
CS50-Introduction-to-computer-science,week_0/source-code/src0/count.sb3,e0446d1db46f933034644b7de0d7a85dbcd007a8,0,0
CS50-Introduction-to-computer-science,week_0/source-code/src0/count.sb3,e42299ee5c8c9d29d9c218aa30c09080cf2cc1bb,0,0
CS50-Introduction-to-computer-science,week_0/source-code/src0/draw.sb3,c3f016eb61b36192208fb92e4354f61db990a267,0,0
CS50-Introduction-to-computer-science,week_0/source-code/src0/draw.sb3,e0446d1db46f933034644b7de0d7a85dbcd007a8,0,0
CS50-Introduction-to-computer-science,week_0/source-code/src0/draw.sb3,e42299ee5c8c9d29d9c218aa30c09080cf2cc1bb,0,0
CS50-Introduction-to-computer-science,week_0/source-code/src0/follow.sb3,c3f016eb61b36192208fb92e4354f61db990a267,0,0
CS50-Introduction-to-computer-science,week_0/source-code/src0/follow.sb3,e0446d1db46f933034644b7de0d7a85dbcd007a8,0,0
CS50-Introduction-to-computer-science,week_0/source-code/src0/follow.sb3,e42299ee5c8c9d29d9c218aa30c09080cf2cc1bb,0,0
CS50-Introduction-to-computer-science,week_0/source-code/src0/Gingerbread tales remix.sb3,c3f016eb61b36192208fb92e4354f61db990a267,0,0
CS50-Introduction-to-computer-science,week_0/source-code/src0/Gingerbread tales remix.sb3,e0446d1db46f933034644b7de0d7a85dbcd007a8,0,0
CS50-Introduction-to-computer-science,week_0/source-code/src0/Gingerbread tales remix.sb3,e42299ee5c8c9d29d9c218aa30c09080cf2cc1bb,0,0
CS50-Introduction-to-computer-science,week_0/source-code/src0/hello0.sb3,c3f016eb61b36192208fb92e4354f61db990a267,0,0
CS50-Introduction-to-computer-science,week_0/source-code/src0/hello0.sb3,e0446d1db46f933034644b7de0d7a85dbcd007a8,0,0
CS50-Introduction-to-computer-science,week_0/source-code/src0/hello0.sb3,e42299ee5c8c9d29d9c218aa30c09080cf2cc1bb,0,0
CS50-Introduction-to-computer-science,week_0/source-code/src0/hello1.sb3,c3f016eb61b36192208fb92e4354f61db990a267,0,0
CS50-Introduction-to-computer-science,week_0/source-code/src0/hello1.sb3,e0446d1db46f933034644b7de0d7a85dbcd007a8,0,0
CS50-Introduction-to-computer-science,week_0/source-code/src0/hello1.sb3,e42299ee5c8c9d29d9c218aa30c09080cf2cc1bb,0,0
CS50-Introduction-to-computer-science,week_0/source-code/src0/hello2.sb3,c3f016eb61b36192208fb92e4354f61db990a267,0,0
CS50-Introduction-to-computer-science,week_0/source-code/src0/hello2.sb3,e0446d1db46f933034644b7de0d7a85dbcd007a8,0,0
CS50-Introduction-to-computer-science,week_0/source-code/src0/hello2.sb3,e42299ee5c8c9d29d9c218aa30c09080cf2cc1bb,0,0
CS50-Introduction-to-computer-science,week_0/source-code/src0/hello3.sb3,c3f016eb61b36192208fb92e4354f61db990a267,0,0
CS50-Introduction-to-computer-science,week_0/source-code/src0/hello3.sb3,e0446d1db46f933034644b7de0d7a85dbcd007a8,0,0
CS50-Introduction-to-computer-science,week_0/source-code/src0/hello3.sb3,e42299ee5c8c9d29d9c218aa30c09080cf2cc1bb,0,0
CS50-Introduction-to-computer-science,week_0/source-code/src0/marco.sb3,c3f016eb61b36192208fb92e4354f61db990a267,0,0
CS50-Introduction-to-computer-science,week_0/source-code/src0/marco.sb3,e0446d1db46f933034644b7de0d7a85dbcd007a8,0,0
CS50-Introduction-to-computer-science,week_0/source-code/src0/marco.sb3,e42299ee5c8c9d29d9c218aa30c09080cf2cc1bb,0,0
CS50-Introduction-to-computer-science,week_0/source-code/src0/meow0.sb3,c3f016eb61b36192208fb92e4354f61db990a267,0,0
CS50-Introduction-to-computer-science,week_0/source-code/src0/meow0.sb3,e0446d1db46f933034644b7de0d7a85dbcd007a8,0,0
CS50-Introduction-to-computer-science,week_0/source-code/src0/meow0.sb3,e42299ee5c8c9d29d9c218aa30c09080cf2cc1bb,0,0
CS50-Introduction-to-computer-science,week_0/source-code/src0/meow1.sb3,c3f016eb61b36192208fb92e4354f61db990a267,0,0
CS50-Introduction-to-computer-science,week_0/source-code/src0/meow1.sb3,e0446d1db46f933034644b7de0d7a85dbcd007a8,0,0
CS50-Introduction-to-computer-science,week_0/source-code/src0/meow1.sb3,e42299ee5c8c9d29d9c218aa30c09080cf2cc1bb,0,0
CS50-Introduction-to-computer-science,week_0/source-code/src0/meow2.sb3,c3f016eb61b36192208fb92e4354f61db990a267,0,0
CS50-Introduction-to-computer-science,week_0/source-code/src0/meow2.sb3,e0446d1db46f933034644b7de0d7a85dbcd007a8,0,0
CS50-Introduction-to-computer-science,week_0/source-code/src0/meow2.sb3,e42299ee5c8c9d29d9c218aa30c09080cf2cc1bb,0,0
CS50-Introduction-to-computer-science,week_0/source-code/src0/meow3.sb3,c3f016eb61b36192208fb92e4354f61db990a267,0,0
CS50-Introduction-to-computer-science,week_0/source-code/src0/meow3.sb3,e0446d1db46f933034644b7de0d7a85dbcd007a8,0,0
CS50-Introduction-to-computer-science,week_0/source-code/src0/meow3.sb3,e42299ee5c8c9d29d9c218aa30c09080cf2cc1bb,0,0
CS50-Introduction-to-computer-science,week_0/source-code/src0/meow4.sb3,c3f016eb61b36192208fb92e4354f61db990a267,0,0
CS50-Introduction-to-computer-science,week_0/source-code/src0/meow4.sb3,e0446d1db46f933034644b7de0d7a85dbcd007a8,0,0
CS50-Introduction-to-computer-science,week_0/source-code/src0/meow4.sb3,e42299ee5c8c9d29d9c218aa30c09080cf2cc1bb,0,0
CS50-Introduction-to-computer-science,week_0/source-code/src0/music.sb3,c3f016eb61b36192208fb92e4354f61db990a267,0,0
CS50-Introduction-to-computer-science,week_0/source-code/src0/music.sb3,e0446d1db46f933034644b7de0d7a85dbcd007a8,0,0
CS50-Introduction-to-computer-science,week_0/source-code/src0/music.sb3,e42299ee5c8c9d29d9c218aa30c09080cf2cc1bb,0,0
CS50-Introduction-to-computer-science,week_0/source-code/src0/Oscartime.sb3,c3f016eb61b36192208fb92e4354f61db990a267,0,0
CS50-Introduction-to-computer-science,week_0/source-code/src0/Oscartime.sb3,e0446d1db46f933034644b7de0d7a85dbcd007a8,0,0
CS50-Introduction-to-computer-science,week_0/source-code/src0/Oscartime.sb3,e42299ee5c8c9d29d9c218aa30c09080cf2cc1bb,0,0
CS50-Introduction-to-computer-science,week_0/source-code/src0/pet0.sb3,c3f016eb61b36192208fb92e4354f61db990a267,0,0
CS50-Introduction-to-computer-science,week_0/source-code/src0/pet0.sb3,e0446d1db46f933034644b7de0d7a85dbcd007a8,0,0
CS50-Introduction-to-computer-science,week_0/source-code/src0/pet0.sb3,e42299ee5c8c9d29d9c218aa30c09080cf2cc1bb,0,0
CS50-Introduction-to-computer-science,week_0/source-code/src0/pet1.sb3,c3f016eb61b36192208fb92e4354f61db990a267,0,0
CS50-Introduction-to-computer-science,week_0/source-code/src0/pet1.sb3,e0446d1db46f933034644b7de0d7a85dbcd007a8,0,0
CS50-Introduction-to-computer-science,week_0/source-code/src0/pet1.sb3,e42299ee5c8c9d29d9c218aa30c09080cf2cc1bb,0,0
CS50-Introduction-to-computer-science,week_0/source-code/src0/Raining Men.sb3,c3f016eb61b36192208fb92e4354f61db990a267,0,0
CS50-Introduction-to-computer-science,week_0/source-code/src0/Raining Men.sb3,e0446d1db46f933034644b7de0d7a85dbcd007a8,0,0
CS50-Introduction-to-computer-science,week_0/source-code/src0/Raining Men.sb3,e42299ee5c8c9d29d9c218aa30c09080cf2cc1bb,0,0
CSCI-365,Homework/Programs/Program3-CorpusE/program3part1.sb3,42d9a45fb222efac31bc91114ed4426d2d1d5f4b,105,162
CSCI-365,Homework/Programs/Program3-CorpusE/Program3part2.sb3,42d9a45fb222efac31bc91114ed4426d2d1d5f4b,113,172
cursoemvideo-html5,pacote-download/Curso Algoritimo/creuza.sb3,4c505e728c93003a94be5415e3249c3e8cf76046,22,28
cursoemvideo-html5,pacote-download/Curso Algoritimo/movendo maria.sb3,4c505e728c93003a94be5415e3249c3e8cf76046,14,22
cursoemvideo-html5,pacote-download/Curso Algoritimo/Primeiro Projeto Scratch.sb3,4c505e728c93003a94be5415e3249c3e8cf76046,33,43
cursoemvideo-html5,pacote-download/Curso Algoritimo/repeticao.sb3,4c505e728c93003a94be5415e3249c3e8cf76046,31,33
cursoemvideo-html5,pacote-download/Curso Algoritimo/uperacao condicional 1.sb3,4c505e728c93003a94be5415e3249c3e8cf76046,20,19
herramientas-programacion,clases/clase3/Clase 3 - Ejercicio 1 Un chocolatico.sb3,102715536a709f73a7b0d2314cbce2f22a54c747,0,0
herramientas-programacion,clases/clase3/Clase 3 - Ejercicio 1 Un chocolatico.sb3,4dc0f9b000d47b8be49fd822a2336123df2bdb1f,0,0
herramientas-programacion,clases/clase3/Clase 3 - Ejercicio 2 compra de libros respuesta.sb3,4dc0f9b000d47b8be49fd822a2336123df2bdb1f,0,0
herramientas-programacion,clases/clase3/Clase 3 - Ejercicio 2 compra de libros.sb3,102715536a709f73a7b0d2314cbce2f22a54c747,0,0
herramientas-programacion,clases/clase3/Clase 3 - Ejercicio 2 compra de libros.sb3,4dc0f9b000d47b8be49fd822a2336123df2bdb1f,0,0
herramientas-programacion,clases/clase3/Clase 3 - Ejercicio 3 compra de libros expresivamente feliz respuesta.sb3,4dc0f9b000d47b8be49fd822a2336123df2bdb1f,0,0
herramientas-programacion,clases/clase3/Clase 3 - Ejercicio 3 compra de libros expresivamente feliz.sb3,4dc0f9b000d47b8be49fd822a2336123df2bdb1f,0,0
herramientas-programacion,clases/clase3/Clase 3 - Ejercicio 3 compra de libros.sb3,102715536a709f73a7b0d2314cbce2f22a54c747,0,0
herramientas-programacion,clases/clase3/Clase 3 - Ejercicio 3 compra de libros.sb3,4dc0f9b000d47b8be49fd822a2336123df2bdb1f,0,0
hummer-bot,Scratch/Hummer-Bot4.0_MagicBlock/Demo/Function program/Bluetooth control.sb3,908f0252c2d7c6392b906a92d5e1b523575320e2,0,0
hummer-bot,Scratch/Hummer-Bot4.0_MagicBlock/Demo/Function program/Bluetooth control.sb3,ac3cf29cdd2f5573a95f4817cf11cb16f30d9f2f,0,0
hummer-bot,Scratch/Hummer-Bot4.0_MagicBlock/Demo/Function program/Infrared obstacle avoidance.sb3,908f0252c2d7c6392b906a92d5e1b523575320e2,0,0
hummer-bot,Scratch/Hummer-Bot4.0_MagicBlock/Demo/Function program/Infrared obstacle avoidance.sb3,ac3cf29cdd2f5573a95f4817cf11cb16f30d9f2f,0,0
hummer-bot,Scratch/Hummer-Bot4.0_MagicBlock/Demo/Function program/Infrared remote control.sb3,908f0252c2d7c6392b906a92d5e1b523575320e2,0,0
hummer-bot,Scratch/Hummer-Bot4.0_MagicBlock/Demo/Function program/Infrared remote control.sb3,ac3cf29cdd2f5573a95f4817cf11cb16f30d9f2f,0,0
hummer-bot,Scratch/Hummer-Bot4.0_MagicBlock/Demo/Function program/Light seeking.sb3,908f0252c2d7c6392b906a92d5e1b523575320e2,0,0
hummer-bot,Scratch/Hummer-Bot4.0_MagicBlock/Demo/Function program/Light seeking.sb3,ac3cf29cdd2f5573a95f4817cf11cb16f30d9f2f,0,0
hummer-bot,Scratch/Hummer-Bot4.0_MagicBlock/Demo/Function program/PS2Control.sb3,908f0252c2d7c6392b906a92d5e1b523575320e2,0,0
hummer-bot,Scratch/Hummer-Bot4.0_MagicBlock/Demo/Function program/PS2Control.sb3,ac3cf29cdd2f5573a95f4817cf11cb16f30d9f2f,0,0
hummer-bot,Scratch/Hummer-Bot4.0_MagicBlock/Demo/Function program/PS2Test.sb3,ac3cf29cdd2f5573a95f4817cf11cb16f30d9f2f,0,0
hummer-bot,Scratch/Hummer-Bot4.0_MagicBlock/Demo/Function program/Trace fire fighting.sb3,908f0252c2d7c6392b906a92d5e1b523575320e2,0,0
hummer-bot,Scratch/Hummer-Bot4.0_MagicBlock/Demo/Function program/Trace fire fighting.sb3,ac3cf29cdd2f5573a95f4817cf11cb16f30d9f2f,0,0
hummer-bot,Scratch/Hummer-Bot4.0_MagicBlock/Demo/Function program/Tracking.sb3,908f0252c2d7c6392b906a92d5e1b523575320e2,0,0
hummer-bot,Scratch/Hummer-Bot4.0_MagicBlock/Demo/Function program/Tracking.sb3,ac3cf29cdd2f5573a95f4817cf11cb16f30d9f2f,0,0
hummer-bot,Scratch/Hummer-Bot4.0_MagicBlock/Demo/Function program/Ultrasonic and infrared obstacle avoidance.sb3,908f0252c2d7c6392b906a92d5e1b523575320e2,0,0
hummer-bot,Scratch/Hummer-Bot4.0_MagicBlock/Demo/Function program/Ultrasonic and infrared obstacle avoidance.sb3,ac3cf29cdd2f5573a95f4817cf11cb16f30d9f2f,0,0
hummer-bot,Scratch/Hummer-Bot4.0_MagicBlock/Demo/Function program/Ultrasonic obstacle avoidance.sb3,908f0252c2d7c6392b906a92d5e1b523575320e2,0,0
hummer-bot,Scratch/Hummer-Bot4.0_MagicBlock/Demo/Function program/Ultrasonic obstacle avoidance.sb3,ac3cf29cdd2f5573a95f4817cf11cb16f30d9f2f,0,0
hummer-bot,Scratch/Hummer-Bot4.0_MagicBlock/Demo/Hardware test program/Infrared remote control button test.sb3,908f0252c2d7c6392b906a92d5e1b523575320e2,0,0
hummer-bot,Scratch/Hummer-Bot4.0_MagicBlock/Demo/Hardware test program/Infrared remote control button test.sb3,ac3cf29cdd2f5573a95f4817cf11cb16f30d9f2f,0,0
hummer-bot,Scratch/Hummer-Bot4.0_MagicBlock/Demo/Hardware test program/MotorTest.sb3,908f0252c2d7c6392b906a92d5e1b523575320e2,0,0
hummer-bot,Scratch/Hummer-Bot4.0_MagicBlock/Demo/Hardware test program/MotorTest.sb3,ac3cf29cdd2f5573a95f4817cf11cb16f30d9f2f,0,0
hummer-bot,Scratch/Hummer-Bot4.0_MagicBlock/Demo/Hardware test program/PS2Test.sb3,908f0252c2d7c6392b906a92d5e1b523575320e2,0,0
hummer-bot,Scratch/Hummer-Bot4.0_MagicBlock/Demo/Hardware test program/PS2Test.sb3,ac3cf29cdd2f5573a95f4817cf11cb16f30d9f2f,0,0
hummer-bot,Scratch/Hummer-Bot4.0_MagicBlock/Demo/Hardware test program/RGBTest.sb3,908f0252c2d7c6392b906a92d5e1b523575320e2,0,0
hummer-bot,Scratch/Hummer-Bot4.0_MagicBlock/Demo/Hardware test program/RGBTest.sb3,ac3cf29cdd2f5573a95f4817cf11cb16f30d9f2f,0,0
hummer-bot,Scratch/Hummer-Bot4.0_MagicBlock/Demo/Hardware test program/ServoTest.sb3,908f0252c2d7c6392b906a92d5e1b523575320e2,0,0
hummer-bot,Scratch/Hummer-Bot4.0_MagicBlock/Demo/Hardware test program/ServoTest.sb3,ac3cf29cdd2f5573a95f4817cf11cb16f30d9f2f,0,0
hummer-bot,Scratch/Hummer-Bot4.0_MagicBlock/Demo/Hardware test program/Ultrasonic reading distance test.sb3,908f0252c2d7c6392b906a92d5e1b523575320e2,0,0
hummer-bot,Scratch/Hummer-Bot4.0_MagicBlock/Demo/Hardware test program/Ultrasonic reading distance test.sb3,ac3cf29cdd2f5573a95f4817cf11cb16f30d9f2f,0,0
iCompute,public/scratch_files/Logan Elementary2019-4.sb3,370e3071be711b9899da67029344f62a68616639,0,0
iCompute,public/scratch_files/Logan Elementary2019-4.sb3,89d34a2d249d29904e1810e6c314348bde7e3a84,0,0
iCompute,public/scratch_files/Logan Elementary2019-4.sb3,dbda39eb386f4a53d971a14fadcad1be9fe3def4,0,0
iCompute,public/scratch_files/Thurston Elementary2019-5.sb3,370e3071be711b9899da67029344f62a68616639,0,0
iCompute,public/scratch_files/Thurston Elementary2019-5.sb3,9920b779402a7e00784309e66ca49747ef05640b,0,0
IntroCompEdu-2020,scratch/ex01-guessnumber.sb3,5765df83fe909b20ece06c0d965ca4ce02c98035,113,84
IntroCompEdu-2020,scratch/ex02-lowergreater.sb3,5765df83fe909b20ece06c0d965ca4ce02c98035,98,78
IntroCompEdu-2020,scratch/ex03-salary.sb3,9a003f452710eb668092b0e5627dc19a3a631fe8,0,0
IntroCompEdu-2020,scratch/ex04-fibonacci.sb3,9a003f452710eb668092b0e5627dc19a3a631fe8,0,0
itf-fundamentals,scratch/projects/C9147- Hilal- 4th Assignment (Premise).sb3,3c6a785c4978cf9d70d8fce4cb3c1de18016e319,67,82
itf-fundamentals,scratch/projects/C9147- Hilal - 5th Activity(Characterization).sb3,3c6a785c4978cf9d70d8fce4cb3c1de18016e319,124,106
itf-fundamentals,scratch/projects/C9147- Hilal Activity-1.sb3,3c6a785c4978cf9d70d8fce4cb3c1de18016e319,34,56
itf-fundamentals,scratch/projects/C9147- Hilal - Activity-2(Check It Out).sb3,3c6a785c4978cf9d70d8fce4cb3c1de18016e319,164,202
itf-fundamentals,scratch/projects/C9147- Hilal- Activity 3th (Setting).sb3,3c6a785c4978cf9d70d8fce4cb3c1de18016e319,87,90
itf-fundamentals,scratch/projects/C9147- Hilal- Assignment - 6 (Activity 6_ Interactive Storytelling).sb3,3c6a785c4978cf9d70d8fce4cb3c1de18016e319,75,85
itf-fundamentals,scratch/projects/C9147- Hilal - Assignment 7- Personal Narrative.sb3,3c6a785c4978cf9d70d8fce4cb3c1de18016e319,122,149
itf-fundamentals,scratch/projects/C9147- Hilal - Assignment 8_ Your Innovation Story.sb3,3c6a785c4978cf9d70d8fce4cb3c1de18016e319,72,60
Jo-ken-po,Just a Jo-ken-po (1).sb3,2937fc7eeee5ac03a9bfa5693e26e94d8b81e9b5,166,123
Jo-ken-po,Just a Jo-ken-po.sb3,b8e1acc35fda9714ddf909608abc893e4890f550,160,116
keywish-arduino-rfid-kit,Lesson/Lesson10-Flame Sensor Module/MagicBlock Demo/Experiment of flame sensor module.sb3,66f8d3fa23ecd6a290f7493cd5ca3ff849bdf05c,0,0
keywish-arduino-rfid-kit,Lesson/Lesson11-Joystick/MagicBlockDemo/Joystick Experiment.sb3,66f8d3fa23ecd6a290f7493cd5ca3ff849bdf05c,0,0
keywish-arduino-rfid-kit,Lesson/Lesson12-Infrared Remote Control/MagicBlock Demo/infrared receive.sb3,66f8d3fa23ecd6a290f7493cd5ca3ff849bdf05c,0,0
keywish-arduino-rfid-kit,Lesson/Lesson13-Ultrasonic/MagicBlock Demo/Ultrasonic Experiment.sb3,66f8d3fa23ecd6a290f7493cd5ca3ff849bdf05c,0,0
keywish-arduino-rfid-kit,Lesson/Lesson14-steering gear angle/MagicBlockDemo/Servo_Serial_Adjust.sb3,bef74bcfaac082d126ee18170a933653c38bf1b9,0,0
keywish-arduino-rfid-kit,Lesson/Lesson15-4-Digit 7-Segment DisplayModule/MagicBlock Demo/7SegmentDisplay.sb3,66f8d3fa23ecd6a290f7493cd5ca3ff849bdf05c,0,0
keywish-arduino-rfid-kit,Lesson/Lesson16-DC-Motor/MagicBlock Demo/DC-Motor Experiment.sb3,66f8d3fa23ecd6a290f7493cd5ca3ff849bdf05c,0,0
keywish-arduino-rfid-kit,Lesson/Lesson17-8x8 Dot Matrix Module/MagicBlock Demo/MAX7219 drives a single 8x8 dot matrix module experiment.sb3,66f8d3fa23ecd6a290f7493cd5ca3ff849bdf05c,0,0
keywish-arduino-rfid-kit,Lesson/Lesson18-lcd1602/MagicBlock Demo/LCD demo.sb3,66f8d3fa23ecd6a290f7493cd5ca3ff849bdf05c,0,0
keywish-arduino-rfid-kit,Lesson/Lesson19-stepper motor/MagicBlock Demo/StepperMotor.sb3,66f8d3fa23ecd6a290f7493cd5ca3ff849bdf05c,0,0
keywish-arduino-rfid-kit,Lesson/Lesson1-HelloArduino/MagicBlock Demo/Hello Arduino.sb3,66f8d3fa23ecd6a290f7493cd5ca3ff849bdf05c,0,0
keywish-arduino-rfid-kit,Lesson/Lesson20-Temperature Humidity Sensor/MagicBlock Demo/Temperature-Humidity Sensor Experiment.sb3,66f8d3fa23ecd6a290f7493cd5ca3ff849bdf05c,0,0
keywish-arduino-rfid-kit,Lesson/Lesson21-Soil Moisture Sensor/MagicBlock Demo/Module experiment of soil temperature and humidity sensor.sb3,66f8d3fa23ecd6a290f7493cd5ca3ff849bdf05c,0,0
keywish-arduino-rfid-kit,Lesson/Lesson22-RFID/MagicBlockDemo/rfid.sb3,bef74bcfaac082d126ee18170a933653c38bf1b9,0,0
keywish-arduino-rfid-kit,Lesson/Lesson23-Interrupt the experiment/MagicBlock Demo/External_interrupt.sb3,bef74bcfaac082d126ee18170a933653c38bf1b9,0,0
keywish-arduino-rfid-kit,Lesson/Lesson23-Interrupt the experiment/MagicBlock Demo/Internal_interrupt.sb3,bef74bcfaac082d126ee18170a933653c38bf1b9,0,0
keywish-arduino-rfid-kit,Lesson/Lesson24-Touch switch module experiment/MagicBlock Demo/Touch switch.sb3,66f8d3fa23ecd6a290f7493cd5ca3ff849bdf05c,0,0
keywish-arduino-rfid-kit,Lesson/Lesson25-Automatic rotation test of servo 0 to 180 degrees/MagicBlock Demo/Servo_0_180_2.sb3,bef74bcfaac082d126ee18170a933653c38bf1b9,0,0
keywish-arduino-rfid-kit,Lesson/Lesson26-Tilt switch module experiment/MagicBlock Demo/Tilt switch Experiment.sb3,66f8d3fa23ecd6a290f7493cd5ca3ff849bdf05c,0,0
keywish-arduino-rfid-kit,Lesson/Lesson27-Thermistor module experiment/MagicBlock Demo/Thermistor experiment.sb3,66f8d3fa23ecd6a290f7493cd5ca3ff849bdf05c,0,0
keywish-arduino-rfid-kit,Lesson/Lesson28-Sound sensor module experiment/MagicBlock Demo/Sound sensor module experiment.sb3,66f8d3fa23ecd6a290f7493cd5ca3ff849bdf05c,0,0
keywish-arduino-rfid-kit,Lesson/Lesson29-Remote shaking fan experiment/MagicBlock Demo/IR_Remote_Fan.sb3,bef74bcfaac082d126ee18170a933653c38bf1b9,0,0
kids-scratch,astrid-lettre.sb3,7d82786a77bb4def7ea4bc7d005adc124c5bd44b,31,25
kids-scratch,astrid-musique.sb3,7d82786a77bb4def7ea4bc7d005adc124c5bd44b,71,57
learn-cs50x,Week 0/silly-couple-convo.sb3,1ccb193666d42608fa1eb71d4525433b4c717c39,135,103
Lecode,scratch-vm-develop/test/fixtures/cloud_variables_exceeded_limit.sb3,4b29a9fb2fb98e82ca4de7339058824017c9a9ac,0,0
Lecode,scratch-vm-develop/test/fixtures/cloud_variables_limit.sb3,4b29a9fb2fb98e82ca4de7339058824017c9a9ac,0,0
Lecode,scratch-vm-develop/test/fixtures/cloud_variables_local.sb3,4b29a9fb2fb98e82ca4de7339058824017c9a9ac,0,0
Lecode,scratch-vm-develop/test/fixtures/cloud_variables_simple.sb3,4b29a9fb2fb98e82ca4de7339058824017c9a9ac,0,0
Lecode,scratch-vm-develop/test/fixtures/comments_no_duplicate_id_serialization.sb3,4b29a9fb2fb98e82ca4de7339058824017c9a9ac,0,0
Lecode,scratch-vm-develop/test/fixtures/comments.sb3,4b29a9fb2fb98e82ca4de7339058824017c9a9ac,0,0
Makebot-Project,scratch-gui/test/fixtures/project1.sb3,7f88d8f7333f0987bfec2b0c567cfea91f233280,0,0
Makebot-Project,scratch-vm/test/fixtures/broadcast_special_chars.sb3,7f88d8f7333f0987bfec2b0c567cfea91f233280,0,0
Makebot-Project,scratch-vm/test/fixtures/cloud_variables_exceeded_limit.sb3,7f88d8f7333f0987bfec2b0c567cfea91f233280,0,0
Makebot-Project,scratch-vm/test/fixtures/cloud_variables_limit.sb3,7f88d8f7333f0987bfec2b0c567cfea91f233280,0,0
Makebot-Project,scratch-vm/test/fixtures/cloud_variables_local.sb3,7f88d8f7333f0987bfec2b0c567cfea91f233280,0,0
Makebot-Project,scratch-vm/test/fixtures/cloud_variables_simple.sb3,7f88d8f7333f0987bfec2b0c567cfea91f233280,0,0
Makebot-Project,scratch-vm/test/fixtures/comments_no_duplicate_id_serialization.sb3,7f88d8f7333f0987bfec2b0c567cfea91f233280,0,0
Makebot-Project,scratch-vm/test/fixtures/comments.sb3,7f88d8f7333f0987bfec2b0c567cfea91f233280,0,0
Makebot-Project,scratch-vm/test/fixtures/draggable.sb3,7f88d8f7333f0987bfec2b0c567cfea91f233280,0,0
Makebot-Project,scratch-vm/test/fixtures/edge-triggered-hat.sb3,7f88d8f7333f0987bfec2b0c567cfea91f233280,0,0
Makebot-Project,scratch-vm/test/fixtures/execute/order-library-reverse.sb3,7f88d8f7333f0987bfec2b0c567cfea91f233280,0,0
Makebot-Project,scratch-vm/test/fixtures/execute/order-library.sb3,7f88d8f7333f0987bfec2b0c567cfea91f233280,0,0
Makebot-Project,scratch-vm/test/fixtures/list-monitor-rename.sb3,7f88d8f7333f0987bfec2b0c567cfea91f233280,0,0
MART120,homework_3/Untitled-2.sb3,cdba23142a7724a0bceded4a4d04b0b473d777f8,336,212
MLScratch,asistente-ml-2.sb3,bb3cc8d7c8a4c56e468f0df90ac1e4b9ad93b0cd,118,59
MLScratch,asistente-ml.sb3,bb3cc8d7c8a4c56e468f0df90ac1e4b9ad93b0cd,118,59
MLScratch,asistente-sin-ml-2.sb3,bb3cc8d7c8a4c56e468f0df90ac1e4b9ad93b0cd,86,71
MLScratch,asistente-sin-ml.sb3,bb3cc8d7c8a4c56e468f0df90ac1e4b9ad93b0cd,94,71
Mobitrice--cockatrice-mobile,card-in-hand-previewer.sb3,ee43ba25c8d252ffc19b7ad1a3164bc17e296b6d,92,54
Mobitrice--cockatrice-mobile,Mobitrice--Hand Peek and Drag.sb3,ee43ba25c8d252ffc19b7ad1a3164bc17e296b6d,57,31
neural-network-assignments,Assignment-1/McCulloch Pitts 1 Neuron Model.sb3,f1dc1b520f9c59a2a91c92eb923b97c424d9be49,208,108
neural-network-assignments,Assignment-1/McCulloch Pitts Model XOR.sb3,f1dc1b520f9c59a2a91c92eb923b97c424d9be49,0,0
openeducationday2020,src/templates/Lego-Boost/Kalibrierung_Boost.sb3,fc5007a5747a21da49b3359662c3b91b75624b85,0,0
openeducationday2020,src/templates/Lego-Boost/Kalibrierung.sb3,890b4620f925ea6e23073b1ce0ba37094c1e210f,0,0
openeducationday2020,src/templates/Lego-Boost/Kalibrierung.sb3,fc5007a5747a21da49b3359662c3b91b75624b85,0,0
openeducationday2020,src/templates/Lego-Boost/Template_Boost.sb3,f6574bfa4bd27bb994958c57db3d593530cf5240,0,0
ourProgramming,Scratch/Ch3-Sc/Ch3-1.sb3,35f194f6703ddbdee6ca4b8b353d214955b6ff93,5,8
ourProgramming,Scratch/Ch3-Sc/Ch3-2.sb3,35f194f6703ddbdee6ca4b8b353d214955b6ff93,21,34
ourProgramming,Scratch/Ch3-Sc/Ch3-3.sb3,35f194f6703ddbdee6ca4b8b353d214955b6ff93,34,47
ourProgramming,Scratch/Ch3-Sc/Ch3-5.sb3,35f194f6703ddbdee6ca4b8b353d214955b6ff93,24,39
parallel-computing-lectures,lecture-1/Dribbling Ball v1.sb3,3b08f7f12f4cf3d15b7082674559d0df707765e9,53,58
parallel-computing-lectures,lecture-1/Dribbling Ball v2.sb3,3b08f7f12f4cf3d15b7082674559d0df707765e9,55,57
parallel-computing-lectures,lecture-1/Message Distribution v1.sb3,3b08f7f12f4cf3d15b7082674559d0df707765e9,20,25
parallel-computing-lectures,lecture-1/Message Distribution v2.sb3,3b08f7f12f4cf3d15b7082674559d0df707765e9,20,25
parallel-computing-lectures,lecture-1/Pong Game v1.sb3,3b08f7f12f4cf3d15b7082674559d0df707765e9,57,69
parallel-computing-lectures,lecture-1/Pong Game v2.sb3,3b08f7f12f4cf3d15b7082674559d0df707765e9,66,84
parallel-computing-lectures,lecture-1/Pong Game v3.sb3,3b08f7f12f4cf3d15b7082674559d0df707765e9,69,87
parallel-computing-lectures,lecture-1/Pong Game v4.sb3,3b08f7f12f4cf3d15b7082674559d0df707765e9,69,87
parallel-computing-lectures,lecture-1/Whack a Mole Game.sb3,f174a670e17bf78a7409a10674c2e41ece145ee3,0,0
parallel-computing-lectures,lecture-1/Whack a Mole Game.sb3,f19ea694911e9ebad442f5011387b5673386e2bf,0,0
parallel-computing-lectures,lecture-1/Whack a Squirrel Game.sb3,3b08f7f12f4cf3d15b7082674559d0df707765e9,0,0
parallel-computing-lectures,lecture-1/Whack a Squirrel Game.sb3,f174a670e17bf78a7409a10674c2e41ece145ee3,0,0
Personal-Develop,scratch/sw1-1sb3.sb3,8d01805d89124a4065700a4b1f02372cc426ef6d,88,72
Personal-Develop,scratch/sw1-2.sb3,a128bd05801afef2914d1592ced5210a1554b455,0,0
Personal-Develop,scratch/sw2-1.sb3,1b686b83aa13fc6db402d1edcc8bfd3349eb3dff,0,0
programming-with-mc-explorer-1,Lekcia 2/SubojSWitherom-Template.sb3,26043a64a0aaff6a7ef31ee98d2f85035df6e7c0,0,0
programming-with-mc-explorer-1,Lekcia 2/SubojSWitherom-Template.sb3,785f2a9749001df8822b9d9706f6dd131826ea42,0,0
programming-with-mc-explorer-1,Lekcia 3/InvaziaEndermanov-Template.sb3,b2d3fc52dbee4fe899ff62bd1d9e59d998e200c8,0,0
programming-with-mc-explorer-1,Lekcia 4/ScratchArena-Template.sb3,424757ee30c396ce6e5119c31c94e14c95cdb47f,0,0
SampleApps,Zadania/12_Rakieta/Rakieta - gotowe.sb3,f6073f2a84e88aac0ef0ac597865482b5f2eb2df,0,0
SampleApps,Zadania/12_Rakieta/Rakieta - projekt startowy.sb3,f6073f2a84e88aac0ef0ac597865482b5f2eb2df,0,0
SampleApps,Zadania/Rakieta - gotowe.sb3,6788fc97bd8a17ba6573de499a85ac3065d1d302,0,0
SampleApps,Zadania/Rakieta - gotowe.sb3,b8025875380daa4d41debe42d5bd2c07a520b02f,0,0
SampleApps,Zadania/Rakieta - projekt startowy.sb3,b8025875380daa4d41debe42d5bd2c07a520b02f,0,0
SampleApps,Zadania/Rakieta - projekt startowy.sb3,cad487c40a5a06415af496054fdd5931dbd942bb,0,0
school-ud,Fish finish - 2015 remastered.sb3,02515ea805f962285198deb1840ced071b7d91c2,0,0
school-ud,Fish finish - 2015 remastered.sb3,677e99188917fe0fab720d9541046fcfc3f09919,0,0
school-ud,Fish finish - 2021.sb3,5dfaaeca1da756727e34121fcde1b5e12b5a782b,0,0
school-ud,Fish finish - 2021.sb3,87ab2f02aebc0e1ace0adf87daf23bc0954f57bf,0,0
SchoolWork,Freshman Year/CS111/Lab 1/lab1task4-1.sb3,a283ada0232e771db01bc074fa8de381fc63a6ac,0,0
scratch3-exo7,fiche01/enigme-01-ex1.sb3,6fda7ff5e88415c03d28da8b13a9f6b345438e6c,17,18
scratch3-exo7,fiche01/enigme-01-ex2.sb3,6fda7ff5e88415c03d28da8b13a9f6b345438e6c,22,23
scratch3-exo7,fiche01/enigme-01-ex3.sb3,6fda7ff5e88415c03d28da8b13a9f6b345438e6c,30,31
scratch3-exo7,fiche01/scratch-01-ex1.sb3,6fda7ff5e88415c03d28da8b13a9f6b345438e6c,27,43
scratch3-exo7,fiche01/scratch-01-ex2.sb3,6fda7ff5e88415c03d28da8b13a9f6b345438e6c,51,83
scratch3-exo7,fiche01/scratch-01-ex3.sb3,6fda7ff5e88415c03d28da8b13a9f6b345438e6c,60,98
scratch3-exo7,fiche02/enigme-02-ex1.sb3,6fda7ff5e88415c03d28da8b13a9f6b345438e6c,16,20
scratch3-exo7,fiche02/enigme-02-ex2.sb3,6fda7ff5e88415c03d28da8b13a9f6b345438e6c,10,14
scratch3-exo7,fiche02/enigme-02-ex3.sb3,6fda7ff5e88415c03d28da8b13a9f6b345438e6c,19,22
scratch3-exo7,fiche02/scratch-02-ex1.sb3,6fda7ff5e88415c03d28da8b13a9f6b345438e6c,13,17
scratch3-exo7,fiche02/scratch-02-ex2.sb3,6fda7ff5e88415c03d28da8b13a9f6b345438e6c,16,21
scratch3-exo7,fiche02/scratch-02-ex3.sb3,6fda7ff5e88415c03d28da8b13a9f6b345438e6c,29,39
scratch3-exo7,fiche03/enigme-03-ex1.sb3,6fda7ff5e88415c03d28da8b13a9f6b345438e6c,21,22
scratch3-exo7,fiche03/enigme-03-ex2.sb3,6fda7ff5e88415c03d28da8b13a9f6b345438e6c,12,16
scratch3-exo7,fiche03/enigme-03-ex3.sb3,6fda7ff5e88415c03d28da8b13a9f6b345438e6c,14,15
scratch3-exo7,fiche03/scratch-03-ex1.sb3,6fda7ff5e88415c03d28da8b13a9f6b345438e6c,16,22
scratch3-exo7,fiche03/scratch-03-ex2.sb3,6fda7ff5e88415c03d28da8b13a9f6b345438e6c,29,28
scratch3-exo7,fiche03/scratch-03-ex3.sb3,6fda7ff5e88415c03d28da8b13a9f6b345438e6c,23,49
scratch3-exo7,fiche04/enigme-04-ex1.sb3,6fda7ff5e88415c03d28da8b13a9f6b345438e6c,22,23
scratch3-exo7,fiche04/enigme-04-ex2.sb3,6fda7ff5e88415c03d28da8b13a9f6b345438e6c,27,27
scratch3-exo7,fiche04/enigme-04-ex3.sb3,6fda7ff5e88415c03d28da8b13a9f6b345438e6c,36,26
scratch3-exo7,fiche04/scratch-04-ex1.sb3,6fda7ff5e88415c03d28da8b13a9f6b345438e6c,26,32
scratch3-exo7,fiche04/scratch-04-ex2.sb3,6fda7ff5e88415c03d28da8b13a9f6b345438e6c,33,24
scratch3-exo7,fiche04/scratch-04-ex3.sb3,6fda7ff5e88415c03d28da8b13a9f6b345438e6c,35,41
scratch3-exo7,fiche05/enigme-05-ex1.sb3,6fda7ff5e88415c03d28da8b13a9f6b345438e6c,10,11
scratch3-exo7,fiche05/enigme-05-ex2.sb3,6fda7ff5e88415c03d28da8b13a9f6b345438e6c,52,56
scratch3-exo7,fiche05/enigme-05-ex3.sb3,6fda7ff5e88415c03d28da8b13a9f6b345438e6c,46,49
scratch3-exo7,fiche05/scratch-05-ex1.sb3,6fda7ff5e88415c03d28da8b13a9f6b345438e6c,73,53
scratch3-exo7,fiche05/scratch-05-ex2.sb3,6fda7ff5e88415c03d28da8b13a9f6b345438e6c,27,34
scratch3-exo7,fiche05/scratch-05-ex3.sb3,6fda7ff5e88415c03d28da8b13a9f6b345438e6c,31,38
scratch3-exo7,fiche06/enigme-06-ex1.sb3,6fda7ff5e88415c03d28da8b13a9f6b345438e6c,26,28
scratch3-exo7,fiche06/enigme-06-ex2.sb3,6fda7ff5e88415c03d28da8b13a9f6b345438e6c,30,34
scratch3-exo7,fiche06/enigme-06-ex3.sb3,6fda7ff5e88415c03d28da8b13a9f6b345438e6c,47,53
scratch3-exo7,fiche06/scratch-06-ex1.sb3,6fda7ff5e88415c03d28da8b13a9f6b345438e6c,44,32
scratch3-exo7,fiche06/scratch-06-ex2.sb3,6fda7ff5e88415c03d28da8b13a9f6b345438e6c,83,57
scratch3-exo7,fiche06/scratch-06-ex3.sb3,6fda7ff5e88415c03d28da8b13a9f6b345438e6c,67,62
scratch3-exo7,fiche07/enigme-07-ex1.sb3,6fda7ff5e88415c03d28da8b13a9f6b345438e6c,18,16
scratch3-exo7,fiche07/enigme-07-ex2.sb3,6fda7ff5e88415c03d28da8b13a9f6b345438e6c,44,44
scratch3-exo7,fiche07/enigme-07-ex3.sb3,6fda7ff5e88415c03d28da8b13a9f6b345438e6c,40,22
scratch3-exo7,fiche07/scratch-07-ex1.sb3,6fda7ff5e88415c03d28da8b13a9f6b345438e6c,27,32
scratch3-exo7,fiche07/scratch-07-ex2.sb3,6fda7ff5e88415c03d28da8b13a9f6b345438e6c,46,37
scratch3-exo7,fiche07/scratch-07-ex3.sb3,6fda7ff5e88415c03d28da8b13a9f6b345438e6c,38,31
scratch3-exo7,fiche08/enigme-08-ex1.sb3,6fda7ff5e88415c03d28da8b13a9f6b345438e6c,38,37
scratch3-exo7,fiche08/enigme-08-ex2.sb3,6fda7ff5e88415c03d28da8b13a9f6b345438e6c,31,42
scratch3-exo7,fiche08/enigme-08-ex3.sb3,6fda7ff5e88415c03d28da8b13a9f6b345438e6c,42,57
scratch3-exo7,fiche08/scratch-08-ex1.sb3,6fda7ff5e88415c03d28da8b13a9f6b345438e6c,59,73
scratch3-exo7,fiche08/scratch-08-ex2.sb3,6fda7ff5e88415c03d28da8b13a9f6b345438e6c,66,70
scratch3-exo7,fiche08/scratch-08-ex3.sb3,6fda7ff5e88415c03d28da8b13a9f6b345438e6c,62,29
scratch3-exo7,fiche09/enigme-09-ex1.sb3,6fda7ff5e88415c03d28da8b13a9f6b345438e6c,37,31
scratch3-exo7,fiche09/enigme-09-ex2.sb3,6fda7ff5e88415c03d28da8b13a9f6b345438e6c,41,31
scratch3-exo7,fiche09/enigme-09-ex3.sb3,6fda7ff5e88415c03d28da8b13a9f6b345438e6c,120,148
scratch3-exo7,fiche09/scratch-09-ex1.sb3,6fda7ff5e88415c03d28da8b13a9f6b345438e6c,56,45
scratch3-exo7,fiche09/scratch-09-ex2.sb3,6fda7ff5e88415c03d28da8b13a9f6b345438e6c,69,67
scratch3-exo7,fiche09/scratch-09-ex3.sb3,6fda7ff5e88415c03d28da8b13a9f6b345438e6c,47,57
scratch3-exo7,fiche10/scratch-10-ex1.sb3,6fda7ff5e88415c03d28da8b13a9f6b345438e6c,39,35
scratch3-exo7,fiche10/scratch-10-ex2.sb3,6fda7ff5e88415c03d28da8b13a9f6b345438e6c,81,82
scratch3-exo7,fiche10/scratch-10-ex3.sb3,6fda7ff5e88415c03d28da8b13a9f6b345438e6c,124,124
scratch3-exo7,fiche10/scratch-10-ex4.sb3,6fda7ff5e88415c03d28da8b13a9f6b345438e6c,168,176
scratch3-exo7,fiche11/enigme-11-ex1.sb3,6fda7ff5e88415c03d28da8b13a9f6b345438e6c,44,71
scratch3-exo7,fiche11/enigme-11-ex2.sb3,6fda7ff5e88415c03d28da8b13a9f6b345438e6c,33,36
scratch3-exo7,fiche11/enigme-11-ex3.sb3,6fda7ff5e88415c03d28da8b13a9f6b345438e6c,42,43
scratch3-exo7,fiche11/scratch-11-ex1.sb3,6fda7ff5e88415c03d28da8b13a9f6b345438e6c,58,74
scratch3-exo7,fiche11/scratch-11-ex2.sb3,6fda7ff5e88415c03d28da8b13a9f6b345438e6c,52,83
scratch3-exo7,fiche11/scratch-11-ex3.sb3,6fda7ff5e88415c03d28da8b13a9f6b345438e6c,90,137
scratch3-exo7,fiche12/enigme-12-ex1.sb3,6fda7ff5e88415c03d28da8b13a9f6b345438e6c,52,59
scratch3-exo7,fiche12/enigme-12-ex2.sb3,6fda7ff5e88415c03d28da8b13a9f6b345438e6c,28,29
scratch3-exo7,fiche12/enigme-12-ex3.sb3,6fda7ff5e88415c03d28da8b13a9f6b345438e6c,74,77
scratch3-exo7,fiche12/scratch-12-ex1.sb3,6fda7ff5e88415c03d28da8b13a9f6b345438e6c,39,50
scratch3-exo7,fiche12/scratch-12-ex2.sb3,6fda7ff5e88415c03d28da8b13a9f6b345438e6c,90,119
scratch3-exo7,fiche12/scratch-12-ex3.sb3,6fda7ff5e88415c03d28da8b13a9f6b345438e6c,61,65
ScratchIDE,scratch-gui/static/assets/a.sb3,07992baad4ad553186923c33f3eb1e7fa10adc1e,0,0
ScratchIDE,scratch-gui/static/assets/a.sb3,15c2b6a9148de6d045c4dacb5c562cebaf0c8449,0,0
ScratchIDE,scratch-gui/static/assets/a.sb3,1bbf485f2b433d6ff07c3fad5cf42a1208ba468d,0,0
ScratchIDE,scratch-gui/static/assets/a.sb3,3f6bbbb1a6b4121729616ce879064bc83baec403,0,0
ScratchIDE,scratch-gui/static/assets/a.sb3,94a5f444ffc1374ab2c36ff54f17beccdf43e545,0,0
ScratchIDE,scratch-gui/static/assets/a.sb3,ddcdab1be19429f5129a1fa0db0c0648edd23e3a,0,0
ScratchIDE,scratch-gui/static/assets/cat.sb3,07992baad4ad553186923c33f3eb1e7fa10adc1e,0,0
ScratchIDE,scratch-gui/static/assets/cat.sb3,15c2b6a9148de6d045c4dacb5c562cebaf0c8449,0,0
ScratchIDE,scratch-gui/static/assets/cat.sb3,94a5f444ffc1374ab2c36ff54f17beccdf43e545,0,0
ScratchIDE,scratch-gui/static/assets/cat.sb3,ddcdab1be19429f5129a1fa0db0c0648edd23e3a,0,0
ScratchIDE,scratch-gui/static/assets/Demo.sb3,07992baad4ad553186923c33f3eb1e7fa10adc1e,0,0
ScratchIDE,scratch-gui/static/assets/Demo.sb3,15c2b6a9148de6d045c4dacb5c562cebaf0c8449,0,0
ScratchIDE,scratch-gui/static/assets/Demo.sb3,94a5f444ffc1374ab2c36ff54f17beccdf43e545,0,0
ScratchIDE,scratch-gui/static/assets/Demo.sb3,ddcdab1be19429f5129a1fa0db0c0648edd23e3a,0,0
ScratchIDE,scratch-gui/test/fixtures/project1.sb3,07992baad4ad553186923c33f3eb1e7fa10adc1e,0,0
ScratchIDE,scratch-gui/test/fixtures/project1.sb3,15c2b6a9148de6d045c4dacb5c562cebaf0c8449,0,0
ScratchIDE,scratch-gui/test/fixtures/project1.sb3,1bbf485f2b433d6ff07c3fad5cf42a1208ba468d,0,0
ScratchIDE,scratch-gui/test/fixtures/project1.sb3,ddcdab1be19429f5129a1fa0db0c0648edd23e3a,0,0
ScratchIDE,scratch-vm/test/fixtures/broadcast_special_chars.sb3,07992baad4ad553186923c33f3eb1e7fa10adc1e,0,0
ScratchIDE,scratch-vm/test/fixtures/broadcast_special_chars.sb3,1bbf485f2b433d6ff07c3fad5cf42a1208ba468d,0,0
ScratchIDE,scratch-vm/test/fixtures/broadcast_special_chars.sb3,ddcdab1be19429f5129a1fa0db0c0648edd23e3a,0,0
ScratchIDE,scratch-vm/test/fixtures/cloud_variables_exceeded_limit.sb3,07992baad4ad553186923c33f3eb1e7fa10adc1e,0,0
ScratchIDE,scratch-vm/test/fixtures/cloud_variables_exceeded_limit.sb3,1bbf485f2b433d6ff07c3fad5cf42a1208ba468d,0,0
ScratchIDE,scratch-vm/test/fixtures/cloud_variables_exceeded_limit.sb3,ddcdab1be19429f5129a1fa0db0c0648edd23e3a,0,0
ScratchIDE,scratch-vm/test/fixtures/cloud_variables_limit.sb3,07992baad4ad553186923c33f3eb1e7fa10adc1e,0,0
ScratchIDE,scratch-vm/test/fixtures/cloud_variables_limit.sb3,1bbf485f2b433d6ff07c3fad5cf42a1208ba468d,0,0
ScratchIDE,scratch-vm/test/fixtures/cloud_variables_limit.sb3,ddcdab1be19429f5129a1fa0db0c0648edd23e3a,0,0
ScratchIDE,scratch-vm/test/fixtures/cloud_variables_local.sb3,07992baad4ad553186923c33f3eb1e7fa10adc1e,0,0
ScratchIDE,scratch-vm/test/fixtures/cloud_variables_local.sb3,1bbf485f2b433d6ff07c3fad5cf42a1208ba468d,0,0
ScratchIDE,scratch-vm/test/fixtures/cloud_variables_local.sb3,ddcdab1be19429f5129a1fa0db0c0648edd23e3a,0,0
ScratchIDE,scratch-vm/test/fixtures/cloud_variables_simple.sb3,07992baad4ad553186923c33f3eb1e7fa10adc1e,0,0
ScratchIDE,scratch-vm/test/fixtures/cloud_variables_simple.sb3,1bbf485f2b433d6ff07c3fad5cf42a1208ba468d,0,0
ScratchIDE,scratch-vm/test/fixtures/cloud_variables_simple.sb3,ddcdab1be19429f5129a1fa0db0c0648edd23e3a,0,0
ScratchIDE,scratch-vm/test/fixtures/comments_no_duplicate_id_serialization.sb3,07992baad4ad553186923c33f3eb1e7fa10adc1e,0,0
ScratchIDE,scratch-vm/test/fixtures/comments_no_duplicate_id_serialization.sb3,1bbf485f2b433d6ff07c3fad5cf42a1208ba468d,0,0
ScratchIDE,scratch-vm/test/fixtures/comments_no_duplicate_id_serialization.sb3,ddcdab1be19429f5129a1fa0db0c0648edd23e3a,0,0
ScratchIDE,scratch-vm/test/fixtures/comments.sb3,07992baad4ad553186923c33f3eb1e7fa10adc1e,0,0
ScratchIDE,scratch-vm/test/fixtures/comments.sb3,1bbf485f2b433d6ff07c3fad5cf42a1208ba468d,0,0
ScratchIDE,scratch-vm/test/fixtures/comments.sb3,ddcdab1be19429f5129a1fa0db0c0648edd23e3a,0,0
ScratchIDE,scratch-vm/test/fixtures/draggable.sb3,07992baad4ad553186923c33f3eb1e7fa10adc1e,0,0
ScratchIDE,scratch-vm/test/fixtures/draggable.sb3,1bbf485f2b433d6ff07c3fad5cf42a1208ba468d,0,0
ScratchIDE,scratch-vm/test/fixtures/draggable.sb3,ddcdab1be19429f5129a1fa0db0c0648edd23e3a,0,0
scratch-project,avengers camp/Aug/Day 1/iron_man costume/Iron-man.sb3,5188b1c2fe0718f7724f243aa5f918240f7d3486,186,185
scratch-tachikawa,scratch-gui/test/fixtures/project1.sb3,86ea5361282446c19c1dbc8f13629b074d76201e,0,0
scratch-tachikawa,scratch-vm/test/fixtures/broadcast_special_chars.sb3,86ea5361282446c19c1dbc8f13629b074d76201e,0,0
scratch-tachikawa,scratch-vm/test/fixtures/cloud_variables_exceeded_limit.sb3,86ea5361282446c19c1dbc8f13629b074d76201e,0,0
scratch-tachikawa,scratch-vm/test/fixtures/cloud_variables_limit.sb3,86ea5361282446c19c1dbc8f13629b074d76201e,0,0
scratch-tachikawa,scratch-vm/test/fixtures/cloud_variables_local.sb3,86ea5361282446c19c1dbc8f13629b074d76201e,0,0
scratch-tachikawa,scratch-vm/test/fixtures/cloud_variables_simple.sb3,86ea5361282446c19c1dbc8f13629b074d76201e,0,0
scratch-tachikawa,scratch-vm/test/fixtures/comments_no_duplicate_id_serialization.sb3,86ea5361282446c19c1dbc8f13629b074d76201e,0,0
scratch-tachikawa,scratch-vm/test/fixtures/comments.sb3,86ea5361282446c19c1dbc8f13629b074d76201e,0,0
scratch-tachikawa,scratch-vm/test/fixtures/draggable.sb3,86ea5361282446c19c1dbc8f13629b074d76201e,0,0
scratch-tachikawa,scratch-vm/test/fixtures/edge-triggered-hat.sb3,86ea5361282446c19c1dbc8f13629b074d76201e,0,0
scratch-tachikawa,scratch-vm/test/fixtures/execute/order-library-reverse.sb3,86ea5361282446c19c1dbc8f13629b074d76201e,0,0
scratch-tachikawa,scratch-vm/test/fixtures/execute/order-library.sb3,86ea5361282446c19c1dbc8f13629b074d76201e,0,0
sklep,scratch/Projekt Scratch-2.sb3,fb236160ce0c8dc1304cf29f15a6f12414fb4546,79,107
sklep,scratch/Projekt Scratch-3.sb3,fb236160ce0c8dc1304cf29f15a6f12414fb4546,79,60
spamux,src/Spamux pre-alpha 0.1.sb3,6b81b7539c723d5dfee67fb22f117d2f2111b060,69,93
spamux,src/Spamux pre-alpha 0.1 SP1.sb3,7b36f1b4f0db8303a564b1b80d694491b807fcba,0,0
stratch,functions/2-functions.sb3,565454b7196278efd10a4e64f0199d29f33203bd,105,113
taxinomitis-docs,scratch-templates/alien-language.sb3,8d33d2f5c55343846b3ab03d936913e4ace308c3,94,90
taxinomitis-docs,scratch-templates/book-template-newspapers.sb3,5a3f17cf5d0475ed3c5029a857525171e72cb93b,77,75
taxinomitis-docs,scratch-templates/chatbots.sb3,3a36607d996992462f3cc9b81ff55d857e978fb5,84,66
taxinomitis,mlforkids-scratch/scratch3/static/assets/00e4bc41f78b15dd0f97c81985bf13b1.sb3,a54787d580da6201a0c8abb5b3db44d758b2ba5b,0,0
taxinomitis,mlforkids-scratch/scratch3/static/assets/020bc481455654ebd1eeae0d80c00360.sb3,a54787d580da6201a0c8abb5b3db44d758b2ba5b,0,0
taxinomitis,mlforkids-scratch/scratch3/static/assets/04726e184b35e3d3d929f0a0cfe24607.sb3,2d26b38bd6f67a3d36924027f2cfb94d9b76f49a,0,0
taxinomitis,mlforkids-scratch/scratch3/static/assets/04726e184b35e3d3d929f0a0cfe24607.sb3,a54787d580da6201a0c8abb5b3db44d758b2ba5b,0,0
taxinomitis,mlforkids-scratch/scratch3/static/assets/0844f955af46db58e75f417bb7be58e4.sb3,2d26b38bd6f67a3d36924027f2cfb94d9b76f49a,0,0
taxinomitis,mlforkids-scratch/scratch3/static/assets/0844f955af46db58e75f417bb7be58e4.sb3,a54787d580da6201a0c8abb5b3db44d758b2ba5b,0,0
taxinomitis,mlforkids-scratch/scratch3/static/assets/0b4cb9ea94b31957877203df95de9bd8.sb3,2d26b38bd6f67a3d36924027f2cfb94d9b76f49a,0,0
taxinomitis,mlforkids-scratch/scratch3/static/assets/0b4cb9ea94b31957877203df95de9bd8.sb3,a54787d580da6201a0c8abb5b3db44d758b2ba5b,0,0
taxinomitis,mlforkids-scratch/scratch3/static/assets/12239b355b9981a0cd4b8938c57a6cfb.sb3,2d26b38bd6f67a3d36924027f2cfb94d9b76f49a,0,0
taxinomitis,mlforkids-scratch/scratch3/static/assets/12239b355b9981a0cd4b8938c57a6cfb.sb3,a54787d580da6201a0c8abb5b3db44d758b2ba5b,0,0
taxinomitis,mlforkids-scratch/scratch3/static/assets/13efcd4b83a77940286bfba11e432670.sb3,a54787d580da6201a0c8abb5b3db44d758b2ba5b,0,0
taxinomitis,mlforkids-scratch/scratch3/static/assets/1614717416b8308764abbd5fd35a89b4.sb3,2d26b38bd6f67a3d36924027f2cfb94d9b76f49a,0,0
taxinomitis,mlforkids-scratch/scratch3/static/assets/1614717416b8308764abbd5fd35a89b4.sb3,a54787d580da6201a0c8abb5b3db44d758b2ba5b,0,0
taxinomitis,mlforkids-scratch/scratch3/static/assets/1c7bea2bfa34916e490edca3557cf900.sb3,a54787d580da6201a0c8abb5b3db44d758b2ba5b,0,0
taxinomitis,mlforkids-scratch/scratch3/static/assets/29619f2f75156a57ecde20de283cb224.sb3,2d26b38bd6f67a3d36924027f2cfb94d9b76f49a,0,0
taxinomitis,mlforkids-scratch/scratch3/static/assets/29619f2f75156a57ecde20de283cb224.sb3,a54787d580da6201a0c8abb5b3db44d758b2ba5b,0,0
taxinomitis,mlforkids-scratch/scratch3/static/assets/2d41ef95a580ace63a57c30746f1aded.sb3,a54787d580da6201a0c8abb5b3db44d758b2ba5b,0,0
taxinomitis,mlforkids-scratch/scratch3/static/assets/309bb85725a81c60000a61d18d5a70da.sb3,a54787d580da6201a0c8abb5b3db44d758b2ba5b,0,0
taxinomitis,mlforkids-scratch/scratch3/static/assets/320d3c316fa7bce65547526458106f2d.sb3,2d26b38bd6f67a3d36924027f2cfb94d9b76f49a,0,0
taxinomitis,mlforkids-scratch/scratch3/static/assets/320d3c316fa7bce65547526458106f2d.sb3,a54787d580da6201a0c8abb5b3db44d758b2ba5b,0,0
taxinomitis,mlforkids-scratch/scratch3/static/assets/3a4449193b9b1bc172afad179596736d.sb3,2d26b38bd6f67a3d36924027f2cfb94d9b76f49a,0,0
taxinomitis,mlforkids-scratch/scratch3/static/assets/3a4449193b9b1bc172afad179596736d.sb3,a54787d580da6201a0c8abb5b3db44d758b2ba5b,0,0
taxinomitis,mlforkids-scratch/scratch3/static/assets/3fdf163a0d3679b80c94028c80a11665.sb3,2d26b38bd6f67a3d36924027f2cfb94d9b76f49a,0,0
taxinomitis,mlforkids-scratch/scratch3/static/assets/3fdf163a0d3679b80c94028c80a11665.sb3,a54787d580da6201a0c8abb5b3db44d758b2ba5b,0,0
taxinomitis,mlforkids-scratch/scratch3/static/assets/415b70d95b8b2e1cf65a6d5012ae01ea.sb3,2d26b38bd6f67a3d36924027f2cfb94d9b76f49a,0,0
taxinomitis,mlforkids-scratch/scratch3/static/assets/415b70d95b8b2e1cf65a6d5012ae01ea.sb3,a54787d580da6201a0c8abb5b3db44d758b2ba5b,0,0
taxinomitis,mlforkids-scratch/scratch3/static/assets/42c7dc8670afcf6dbecd89d81ba7b229.sb3,2d26b38bd6f67a3d36924027f2cfb94d9b76f49a,0,0
taxinomitis,mlforkids-scratch/scratch3/static/assets/42c7dc8670afcf6dbecd89d81ba7b229.sb3,a54787d580da6201a0c8abb5b3db44d758b2ba5b,0,0
taxinomitis,mlforkids-scratch/scratch3/static/assets/44b2c51fda5b9509e2779199d2f75842.sb3,a54787d580da6201a0c8abb5b3db44d758b2ba5b,0,0
taxinomitis,mlforkids-scratch/scratch3/static/assets/4db46a9afa600abc6c6fcc9cdaddf39c.sb3,2d26b38bd6f67a3d36924027f2cfb94d9b76f49a,0,0
taxinomitis,mlforkids-scratch/scratch3/static/assets/4db46a9afa600abc6c6fcc9cdaddf39c.sb3,a54787d580da6201a0c8abb5b3db44d758b2ba5b,0,0
taxinomitis,mlforkids-scratch/scratch3/static/assets/56f0682bcedca63874356ebd6b1d06c5.sb3,2d26b38bd6f67a3d36924027f2cfb94d9b76f49a,0,0
taxinomitis,mlforkids-scratch/scratch3/static/assets/56f0682bcedca63874356ebd6b1d06c5.sb3,a54787d580da6201a0c8abb5b3db44d758b2ba5b,0,0
taxinomitis,mlforkids-scratch/scratch3/static/assets/5dd3f95365710e1d9299991813c8eda9.sb3,a54787d580da6201a0c8abb5b3db44d758b2ba5b,0,0
taxinomitis,mlforkids-scratch/scratch3/static/assets/5ede629a861644792a22a9554a02111f.sb3,2d26b38bd6f67a3d36924027f2cfb94d9b76f49a,0,0
taxinomitis,mlforkids-scratch/scratch3/static/assets/5ede629a861644792a22a9554a02111f.sb3,a54787d580da6201a0c8abb5b3db44d758b2ba5b,0,0
taxinomitis,mlforkids-scratch/scratch3/static/assets/607cf65afe1dadf259264e4364448ae2.sb3,2d26b38bd6f67a3d36924027f2cfb94d9b76f49a,0,0
taxinomitis,mlforkids-scratch/scratch3/static/assets/607cf65afe1dadf259264e4364448ae2.sb3,a54787d580da6201a0c8abb5b3db44d758b2ba5b,0,0
taxinomitis,mlforkids-scratch/scratch3/static/assets/61d32efab66d72ea18a61ac3f5b620d3.sb3,a54787d580da6201a0c8abb5b3db44d758b2ba5b,0,0
taxinomitis,mlforkids-scratch/scratch3/static/assets/679cbc6e22673c0f0bf5a14422b99050.sb3,2d26b38bd6f67a3d36924027f2cfb94d9b76f49a,0,0
taxinomitis,mlforkids-scratch/scratch3/static/assets/679cbc6e22673c0f0bf5a14422b99050.sb3,a54787d580da6201a0c8abb5b3db44d758b2ba5b,0,0
taxinomitis,mlforkids-scratch/scratch3/static/assets/67b4eb10753e068f006ed37073d0318c.sb3,a54787d580da6201a0c8abb5b3db44d758b2ba5b,0,0
taxinomitis,mlforkids-scratch/scratch3/static/assets/6d1f2b92562976a06ed19297fea0ff23.sb3,2d26b38bd6f67a3d36924027f2cfb94d9b76f49a,0,0
taxinomitis,mlforkids-scratch/scratch3/static/assets/6d1f2b92562976a06ed19297fea0ff23.sb3,a54787d580da6201a0c8abb5b3db44d758b2ba5b,0,0
taxinomitis,mlforkids-scratch/scratch3/static/assets/7031daa147811acfa2b4d8b2b8a12a6b.sb3,2d26b38bd6f67a3d36924027f2cfb94d9b76f49a,0,0
taxinomitis,mlforkids-scratch/scratch3/static/assets/7031daa147811acfa2b4d8b2b8a12a6b.sb3,a54787d580da6201a0c8abb5b3db44d758b2ba5b,0,0
taxinomitis,mlforkids-scratch/scratch3/static/assets/72080cae76d46fe51b8736996ee397d0.sb3,a54787d580da6201a0c8abb5b3db44d758b2ba5b,0,0
taxinomitis,mlforkids-scratch/scratch3/static/assets/7c787e7576d703407d7c62d800d48743.sb3,a54787d580da6201a0c8abb5b3db44d758b2ba5b,0,0
taxinomitis,mlforkids-scratch/scratch3/static/assets/7eb84dc25e6489654c1f45e99f309cb3.sb3,2d26b38bd6f67a3d36924027f2cfb94d9b76f49a,0,0
taxinomitis,mlforkids-scratch/scratch3/static/assets/7eb84dc25e6489654c1f45e99f309cb3.sb3,a54787d580da6201a0c8abb5b3db44d758b2ba5b,0,0
taxinomitis,mlforkids-scratch/scratch3/static/assets/7f1097cb55f2da5f1668ff141154ce6a.sb3,a54787d580da6201a0c8abb5b3db44d758b2ba5b,0,0
taxinomitis,mlforkids-scratch/scratch3/static/assets/81ffe02e0b03c7300ecdf1ad3f247d1e.sb3,a54787d580da6201a0c8abb5b3db44d758b2ba5b,0,0
taxinomitis,mlforkids-scratch/scratch3/static/assets/8208ea6a076deb7bfe9d859cae3b7b14.sb3,a54787d580da6201a0c8abb5b3db44d758b2ba5b,0,0
taxinomitis,mlforkids-scratch/scratch3/static/assets/891c4e06d44372cdb0d7b0946544d903.sb3,a54787d580da6201a0c8abb5b3db44d758b2ba5b,0,0
taxinomitis,mlforkids-scratch/scratch3/static/assets/8cfadac62af9234c5e211825595d3412.sb3,a54787d580da6201a0c8abb5b3db44d758b2ba5b,0,0
taxinomitis,mlforkids-scratch/scratch3/static/assets/939c2914b842f74617bb440fd66f0951.sb3,a54787d580da6201a0c8abb5b3db44d758b2ba5b,0,0
taxinomitis,mlforkids-scratch/scratch3/static/assets/93c781b40936900b04ee510b6e27bdcd.sb3,2d26b38bd6f67a3d36924027f2cfb94d9b76f49a,0,0
taxinomitis,mlforkids-scratch/scratch3/static/assets/93c781b40936900b04ee510b6e27bdcd.sb3,a54787d580da6201a0c8abb5b3db44d758b2ba5b,0,0
taxinomitis,mlforkids-scratch/scratch3/static/assets/93ec991051c6e959f6e8b7f2750cfda1.sb3,2d26b38bd6f67a3d36924027f2cfb94d9b76f49a,0,0
taxinomitis,mlforkids-scratch/scratch3/static/assets/93ec991051c6e959f6e8b7f2750cfda1.sb3,a54787d580da6201a0c8abb5b3db44d758b2ba5b,0,0
taxinomitis,mlforkids-scratch/scratch3/static/assets/9493328880993140f5d47b5a625c9942.sb3,a54787d580da6201a0c8abb5b3db44d758b2ba5b,0,0
taxinomitis,mlforkids-scratch/scratch3/static/assets/9827d7ce5955ea1cc4742f95e735997d.sb3,2d26b38bd6f67a3d36924027f2cfb94d9b76f49a,0,0
taxinomitis,mlforkids-scratch/scratch3/static/assets/9827d7ce5955ea1cc4742f95e735997d.sb3,a54787d580da6201a0c8abb5b3db44d758b2ba5b,0,0
taxinomitis,mlforkids-scratch/scratch3/static/assets/9a143c9dd79fce48926aedac088fb13f.sb3,a54787d580da6201a0c8abb5b3db44d758b2ba5b,0,0
taxinomitis,mlforkids-scratch/scratch3/static/assets/9c24212272c9eca385bb5d3fb2d7ccd2.sb3,2d26b38bd6f67a3d36924027f2cfb94d9b76f49a,0,0
taxinomitis,mlforkids-scratch/scratch3/static/assets/9c24212272c9eca385bb5d3fb2d7ccd2.sb3,a54787d580da6201a0c8abb5b3db44d758b2ba5b,0,0
taxinomitis,mlforkids-scratch/scratch3/static/assets/9d5107f29b0fc3a4a214b85ac0c81635.sb3,a54787d580da6201a0c8abb5b3db44d758b2ba5b,0,0
taxinomitis,mlforkids-scratch/scratch3/static/assets/9e8fd7bd82aa9357628946ed3297da64.sb3,2d26b38bd6f67a3d36924027f2cfb94d9b76f49a,0,0
taxinomitis,mlforkids-scratch/scratch3/static/assets/9e8fd7bd82aa9357628946ed3297da64.sb3,a54787d580da6201a0c8abb5b3db44d758b2ba5b,0,0
taxinomitis,mlforkids-scratch/scratch3/static/assets/a50d8ac865c2c1c60e9c9b166e38720a.sb3,14a52ba016b675651d1da93bae8d4f18063df1cf,0,0
taxinomitis,mlforkids-scratch/scratch3/static/assets/a50d8ac865c2c1c60e9c9b166e38720a.sb3,a54787d580da6201a0c8abb5b3db44d758b2ba5b,0,0
taxinomitis,mlforkids-scratch/scratch3/static/assets/a5cfef89d05290f11cad2e8302bf4488.sb3,2d26b38bd6f67a3d36924027f2cfb94d9b76f49a,0,0
taxinomitis,mlforkids-scratch/scratch3/static/assets/a5cfef89d05290f11cad2e8302bf4488.sb3,a54787d580da6201a0c8abb5b3db44d758b2ba5b,0,0
taxinomitis,mlforkids-scratch/scratch3/static/assets/a6505729d9b3773ab4fa76fdb55d391c.sb3,a54787d580da6201a0c8abb5b3db44d758b2ba5b,0,0
taxinomitis,mlforkids-scratch/scratch3/static/assets/a9ceb96767af50ed75faa7427fe0aad4.sb3,2d26b38bd6f67a3d36924027f2cfb94d9b76f49a,0,0
taxinomitis,mlforkids-scratch/scratch3/static/assets/a9ceb96767af50ed75faa7427fe0aad4.sb3,7132c866dec64484ee695df281739e9ba695eee7,0,0
taxinomitis,mlforkids-scratch/scratch3/static/assets/ab2cb75a694e6d04371c1474f0282002.sb3,a54787d580da6201a0c8abb5b3db44d758b2ba5b,0,0
taxinomitis,mlforkids-scratch/scratch3/static/assets/ab2cb75a694e6d04371c1474f0282002.sb3,d7786d96796a7e8d10dd83caab33e854cf5bc717,0,0
taxinomitis,mlforkids-scratch/scratch3/static/assets/b127eab2ea7df9bdfed3beefc6ebccd3.sb3,a54787d580da6201a0c8abb5b3db44d758b2ba5b,0,0
taxinomitis,mlforkids-scratch/scratch3/static/assets/b243e1335183c2039f77cdc63055028c.sb3,2d26b38bd6f67a3d36924027f2cfb94d9b76f49a,0,0
taxinomitis,mlforkids-scratch/scratch3/static/assets/b243e1335183c2039f77cdc63055028c.sb3,a54787d580da6201a0c8abb5b3db44d758b2ba5b,0,0
taxinomitis,mlforkids-scratch/scratch3/static/assets/b8074832633d1840bc31c5fcd50b1777.sb3,2d26b38bd6f67a3d36924027f2cfb94d9b76f49a,0,0
taxinomitis,mlforkids-scratch/scratch3/static/assets/b8074832633d1840bc31c5fcd50b1777.sb3,a54787d580da6201a0c8abb5b3db44d758b2ba5b,0,0
taxinomitis,mlforkids-scratch/scratch3/static/assets/ba1ef139fd5d64ddd3661168dd5f5a28.sb3,2d26b38bd6f67a3d36924027f2cfb94d9b76f49a,0,0
taxinomitis,mlforkids-scratch/scratch3/static/assets/ba1ef139fd5d64ddd3661168dd5f5a28.sb3,a54787d580da6201a0c8abb5b3db44d758b2ba5b,0,0
taxinomitis,mlforkids-scratch/scratch3/static/assets/c20bdaa9c461495794062d4a033308e5.sb3,181b91303ad38fabc43cc9445ef816f0e1de731d,0,0
taxinomitis,mlforkids-scratch/scratch3/static/assets/c20bdaa9c461495794062d4a033308e5.sb3,a54787d580da6201a0c8abb5b3db44d758b2ba5b,0,0
taxinomitis,mlforkids-scratch/scratch3/static/assets/c3d4b9541bc0b0127388fb1e7b483076.sb3,a54787d580da6201a0c8abb5b3db44d758b2ba5b,0,0
taxinomitis,mlforkids-scratch/scratch3/static/assets/c58e980ee0f9a1c2aec20d25b3144fce.sb3,a54787d580da6201a0c8abb5b3db44d758b2ba5b,0,0
taxinomitis,mlforkids-scratch/scratch3/static/assets/cb842984e8fc9313eab32383e6043efb.sb3,2d26b38bd6f67a3d36924027f2cfb94d9b76f49a,0,0
taxinomitis,mlforkids-scratch/scratch3/static/assets/cb842984e8fc9313eab32383e6043efb.sb3,a54787d580da6201a0c8abb5b3db44d758b2ba5b,0,0
taxinomitis,mlforkids-scratch/scratch3/static/assets/ce415defade778ffdbf60832ca5a428a.sb3,a54787d580da6201a0c8abb5b3db44d758b2ba5b,0,0
taxinomitis,mlforkids-scratch/scratch3/static/assets/ce730b3baa6e15bd70423dfebeffc480.sb3,a54787d580da6201a0c8abb5b3db44d758b2ba5b,0,0
taxinomitis,mlforkids-scratch/scratch3/static/assets/d0e6d2f38f6fdafede07f5ec769df391.sb3,2d26b38bd6f67a3d36924027f2cfb94d9b76f49a,0,0
taxinomitis,mlforkids-scratch/scratch3/static/assets/d0e6d2f38f6fdafede07f5ec769df391.sb3,a54787d580da6201a0c8abb5b3db44d758b2ba5b,0,0
taxinomitis,mlforkids-scratch/scratch3/static/assets/d574ba642aa8b880631e4a1a10d77641.sb3,181b91303ad38fabc43cc9445ef816f0e1de731d,0,0
taxinomitis,mlforkids-scratch/scratch3/static/assets/d574ba642aa8b880631e4a1a10d77641.sb3,a54787d580da6201a0c8abb5b3db44d758b2ba5b,0,0
taxinomitis,mlforkids-scratch/scratch3/static/assets/d60d1f1fb4c440ec98d9e2782d06d6af.sb3,a54787d580da6201a0c8abb5b3db44d758b2ba5b,0,0
taxinomitis,mlforkids-scratch/scratch3/static/assets/d87c3cb5dc2a039154ba11890a150ada.sb3,a54787d580da6201a0c8abb5b3db44d758b2ba5b,0,0
taxinomitis,mlforkids-scratch/scratch3/static/assets/e33034cd5b1d113cfe009850aa0c18d3.sb3,2d26b38bd6f67a3d36924027f2cfb94d9b76f49a,0,0
taxinomitis,mlforkids-scratch/scratch3/static/assets/e33034cd5b1d113cfe009850aa0c18d3.sb3,a54787d580da6201a0c8abb5b3db44d758b2ba5b,0,0
taxinomitis,mlforkids-scratch/scratch3/static/assets/e3f8e97f75a77413d7c74687c9537199.sb3,a54787d580da6201a0c8abb5b3db44d758b2ba5b,0,0
taxinomitis,mlforkids-scratch/scratch3/static/assets/e7c0934f303297e038ab2b7fd4f284b3.sb3,a54787d580da6201a0c8abb5b3db44d758b2ba5b,0,0
taxinomitis,mlforkids-scratch/scratch3/static/assets/ebaeab840fb709d85e86794549abbec5.sb3,a54787d580da6201a0c8abb5b3db44d758b2ba5b,0,0
taxinomitis,mlforkids-scratch/scratch3/static/assets/ed1e4b48f140d0a1774ce8004ed898ab.sb3,a54787d580da6201a0c8abb5b3db44d758b2ba5b,0,0
taxinomitis,mlforkids-scratch/scratch3/static/assets/f55c7a32b090b424429ed74230269adf.sb3,a54787d580da6201a0c8abb5b3db44d758b2ba5b,0,0
taxinomitis,mlforkids-scratch/scratch3/static/assets/f7895c507217fcec602bdc98d0aa521e.sb3,a54787d580da6201a0c8abb5b3db44d758b2ba5b,0,0
thecompletescratchguide,.gitbook/assets/angry-bird.sb3,d1842bc69be8663b3b557f7afaa4acfaa902f93d,150,232
workshop-scratch-10-12,ZbranProtiPriseram-Template.sb3,1013ce5782b5ed705a229d3c04ae75a64d1f73f6,0,0
workshop-scratch-10-12,ZbranProtiPriseram-Template.sb3,7a4e5bc60e3209145efb2fa9a92096e5794de457,0,0
workshop-scratch-10-12,ZbranProtiPriseram-Template.sb3,dc90bb86e25e457d995c01a1d280d788acd11569,0,0
workshop-scratch-10-12,ZbranProtiPriseram-Ukazka.sb3,1013ce5782b5ed705a229d3c04ae75a64d1f73f6,0,0
workshop-scratch-10-12,ZbranProtiPriseram-Ukazka.sb3,dc90bb86e25e457d995c01a1d280d788acd11569,0,0
